{
    "$schema": "https://test.melvoridle.com/dlcPrep/assets/schema/gameData.json",
    "namespace": "conquest_gamemodes",
    "data": {
      "items": [
        {
          "id": "black_mushroom",
          "name": "Black Mushroom",
          "category": "Misc",
          "type": "Misc",
          "media": "assets/items/Black_Mushroom.png",
          "ignoreCompletion": true,
          "obtainFromItemLog": false,
          "golbinRaidExclusive": false,
          "sellsFor": 5000,
          "tier": "none",
          "itemType": "Item",
          "customDescription": "Now those are some big mushrooms"
        },
        {
          "id": "staff_of_herding",
          "name": "Staff of Herding",
          "category": "Misc",
          "type": "Misc",
          "media": "assets/items/Staff_of_Herding.png",
          "ignoreCompletion": true,
          "obtainFromItemLog": false,
          "golbinRaidExclusive": false,
          "sellsFor": 5000,
          "tier": "none",
          "itemType": "Item",
          "customDescription": "Allows access to Whimsydale"
        },
        {
          "id": "gibbering_gemstone",
          "name": "Gibbering Gemstone",
          "category": "Misc",
          "type": "Misc",
          "media": "assets/items/Gibbering_Gemstone.png",
          "ignoreCompletion": true,
          "obtainFromItemLog": false,
          "golbinRaidExclusive": false,
          "sellsFor": 5000,
          "tier": "none",
          "itemType": "Item",
          "customDescription": "It seems to be active but it's difficult to tell."
        },
        {
          "id": "wirts_bell",
          "name": "Wirt's Bell",
          "category": "Misc",
          "type": "Misc",
          "media": "assets/items/Wirt's_Bell.png",
          "ignoreCompletion": true,
          "obtainFromItemLog": false,
          "golbinRaidExclusive": false,
          "sellsFor": 5000,
          "tier": "none",
          "itemType": "Item",
          "customDescription": "When the demons come, close your eyes and ring this... it takes you far, far away..."
        },
        {
          "id": "liquid_rainbow",
          "name": "Liquid Rainbow",
          "category": "Misc",
          "type": "Misc",
          "media": "assets/items/Liquid_Rainbow.png",
          "ignoreCompletion": true,
          "obtainFromItemLog": false,
          "golbinRaidExclusive": false,
          "sellsFor": 5000,
          "tier": "none",
          "itemType": "Item",
          "customDescription": "The colors swirl and twist in hypnotic patterns."
        },
        {
          "id": "leorics_shinbone",
          "name": "Leoric's Shinebone",
          "category": "Misc",
          "type": "Misc",
          "media": "assets/items/Leoric's_Shinbone.png",
          "ignoreCompletion": true,
          "obtainFromItemLog": false,
          "golbinRaidExclusive": false,
          "sellsFor": 5000,
          "tier": "none",
          "itemType": "Item",
          "customDescription": "This charred piece of Leoric was clearly once connected to his ankle and knee."
        },
        {
          "id": "bloody_shard",
          "name": "Bloody Shard",
          "category": "Misc",
          "type": "Misc",
          "media": "assets/temp.png",
          "ignoreCompletion": true,
          "obtainFromItemLog": false,
          "golbinRaidExclusive": false,
          "sellsFor": 0,
          "tier": "none",
          "itemType": "Item",
          "customDescription": ""
        },
        {
          "id": "bloody_shard_chest",
          "name": "Bloody Shard Chest",
          "category": "Dungeons",
          "type": "Item",
          "media": "assets/temp.png",
          "ignoreCompletion": true,
          "obtainFromItemLog": false,
          "golbinRaidExclusive": false,
          "sellsFor": 0,
          "tier": "none",
          "itemType": "Openable",
          "dropTable": [
            {
              "itemID": "melvorF:Ash",
              "minQuantity": 1,
              "maxQuantity": 10,
              "weight": 100
            },
            {
              "itemID": "melvorD:Farming_Skillcape",
              "minQuantity": 1,
              "maxQuantity": 1,
              "weight": 10
            },
            {
              "itemID": "melvorD:Firemaking_Skillcape",
              "minQuantity": 1,
              "maxQuantity": 1,
              "weight": 10
            },
            {
              "itemID": "melvorD:Fishing_Skillcape",
              "minQuantity": 1,
              "maxQuantity": 1,
              "weight": 10
            },
            {
              "itemID": "melvorD:Mining_Skillcape",
              "minQuantity": 1,
              "maxQuantity": 1,
              "weight": 10
            },
            {
              "itemID": "melvorD:Woodcutting_Skillcape",
              "minQuantity": 1,
              "maxQuantity": 1,
              "weight": 10
            },
            {
              "itemID": "melvorF:Astrology_Skillcape",
              "minQuantity": 1,
              "maxQuantity": 1,
              "weight": 10
            },
            {
              "itemID": "melvorTotH:Superior_Astrology_Skillcape",
              "minQuantity": 1,
              "maxQuantity": 1,
              "weight": 10
            },
            {
              "itemID": "melvorTotH:Superior_Farming_Skillcape",
              "minQuantity": 1,
              "maxQuantity": 1,
              "weight": 1
            },
            {
              "itemID": "melvorTotH:Superior_Firemaking_Skillcape",
              "minQuantity": 1,
              "maxQuantity": 1,
              "weight": 1
            },
            {
              "itemID": "melvorTotH:Superior_Fishing_Skillcape",
              "minQuantity": 1,
              "maxQuantity": 1,
              "weight": 1
            },
            {
              "itemID": "melvorTotH:Superior_Mining_Skillcape",
              "minQuantity": 1,
              "maxQuantity": 1,
              "weight": 1
            },
            {
              "itemID": "melvorTotH:Superior_Woodcutting_Skillcape",
              "minQuantity": 1,
              "maxQuantity": 1,
              "weight": 1
            }
          ],
          "customDescription": ""
        }
      ],
      "shopDisplayOrder": [
        {
          "insertAt": "End",
          "ids": ["conquest_gamemodes:staff_of_herding"]
        }
      ],
      "shopPurchases": [
        {
          "id": "staff_of_herding",
          "media": "assets/items/Staff_of_Herding.png",
          "category": "melvorF:Slayer",
          "customName": "Staff of Herding",
          "contains": {
            "items": [{"id":"conquest_gamemodes:staff_of_herding","quantity": 1}]
          },
          "cost": {
            "gp": {
              "type": "Fixed",
              "cost": 10000000000
            },
            "slayerCoins": {
              "type": "Fixed",
              "cost": 10000000000
            },
            "items": [
              {
                "id": "conquest_gamemodes:black_mushroom",
                "quantity": 10
              },
              {
                "id": "conquest_gamemodes:gibbering_gemstone",
                "quantity": 10
              },
              {
                "id": "conquest_gamemodes:wirts_bell",
                "quantity": 10
              },
              {
                "id": "conquest_gamemodes:liquid_rainbow",
                "quantity": 10
              },
              {
                "id": "conquest_gamemodes:leorics_shinbone",
                "quantity": 10
              }
            ],
            "raidCoins": {
              "type": "Fixed",
              "cost": 0
            }
          },
          "allowQuantityPurchase": false,
          "unlockRequirements": [],
          "purchaseRequirements": [],
          "defaultBuyLimit": 1,
          "buyLimitOverrides": [],
          "showBuyLimit": false,
          "customDescription": "Used to get somewhere that doesn't exist."
        }
      ],
      "itemUpgrades": [
        {
          "upgradedItemID": "melvorTotH:Meteorite_Ore",
          "gpCost": 0,
          "scCost": 0,
          "itemCosts": [{ "id": "melvorF:Golden_Stardust", "quantity": 25 }],
          "rootItemIDs": ["melvorF:Golden_Stardust"],
          "isDowngrade": false
        },
        {
          "upgradedItemID": "melvorF:Golden_Stardust",
          "gpCost": 0,
          "scCost": 0,
          "itemCosts": [{ "id": "melvorF:Stardust", "quantity": 25 }],
          "rootItemIDs": ["melvorF:Stardust"],
          "isDowngrade": false
        },
        {
          "upgradedItemID": "conquest_gamemodes:bloody_shard_chest",
          "gpCost": 0,
          "scCost": 0,
          "itemCosts": [{ "id": "conquest_gamemodes:bloody_shard", "quantity": 100 }],
          "rootItemIDs": ["conquest_gamemodes:bloody_shard"],
          "isDowngrade": false
        }
      ]
    }
  }
  