{
  "$schema": "https://test.melvoridle.com/dlcPrep/assets/schema/gameData.json",
  "namespace": "conquest_gamemodes",
  "data": {
    "items": [
      {
        "id": "black_mushroom",
        "name": "Black Mushroom",
        "category": "Misc",
        "type": "Misc",
        "media": "assets/items/Black_Mushroom.png",
        "ignoreCompletion": true,
        "obtainFromItemLog": false,
        "golbinRaidExclusive": false,
        "sellsFor": 5000,
        "tier": "none",
        "itemType": "Item",
        "customDescription": "Now those are some big mushrooms"
      },
      {
        "id": "gibbering_gemstone",
        "name": "Gibbering Gemstone",
        "category": "Misc",
        "type": "Misc",
        "media": "assets/items/Gibbering_Gemstone.png",
        "ignoreCompletion": true,
        "obtainFromItemLog": false,
        "golbinRaidExclusive": false,
        "sellsFor": 5000,
        "tier": "none",
        "itemType": "Item",
        "customDescription": "It seems to be active but it's difficult to tell."
      },
      {
        "id": "wirts_bell",
        "name": "Wirt's Bell",
        "category": "Misc",
        "type": "Misc",
        "media": "assets/items/Wirt's_Bell.png",
        "ignoreCompletion": true,
        "obtainFromItemLog": false,
        "golbinRaidExclusive": false,
        "sellsFor": 5000,
        "tier": "none",
        "itemType": "Item",
        "customDescription": "When the demons come, close your eyes and ring this... it takes you far, far away..."
      },
      {
        "id": "liquid_rainbow",
        "name": "Liquid Rainbow",
        "category": "Misc",
        "type": "Misc",
        "media": "assets/items/Liquid_Rainbow.png",
        "ignoreCompletion": true,
        "obtainFromItemLog": false,
        "golbinRaidExclusive": false,
        "sellsFor": 5000,
        "tier": "none",
        "itemType": "Item",
        "customDescription": "The colors swirl and twist in hypnotic patterns."
      },
      {
        "id": "leorics_shinbone",
        "name": "Leoric's Shinebone",
        "category": "Misc",
        "type": "Misc",
        "media": "assets/items/Leoric's_Shinbone.png",
        "ignoreCompletion": true,
        "obtainFromItemLog": false,
        "golbinRaidExclusive": false,
        "sellsFor": 5000,
        "tier": "none",
        "itemType": "Item",
        "customDescription": "This charred piece of Leoric was clearly once connected to his ankle and knee."
      }
    ],
    "shopDisplayOrder": [
      {
        "insertAt": "End",
        "ids": ["conquest_gamemodes:staff_of_herding"]
      }
    ],
    "shopPurchases": [
      {
        "id": "staff_of_herding",
        "media": "assets/items/Staff_of_Herding.png",
        "category": "melvorF:Slayer",
        "customName": "Staff of Herding",
        "contains": {
          "items": []
        },
        "cost": {
          "gp": {
            "type": "Fixed",
            "cost": 10000000
          },
          "slayerCoins": {
            "type": "Fixed",
            "cost": 10000000
          },
          "items": [
            {
              "id": "conquest_gamemodes:black_mushroom",
              "quantity": 10
            },
            {
              "id": "conquest_gamemodes:gibbering_gemstone",
              "quantity": 10
            },
            {
              "id": "conquest_gamemodes:wirts_bell",
              "quantity": 10
            },
            {
              "id": "conquest_gamemodes:liquid_rainbow",
              "quantity": 10
            },
            {
              "id": "conquest_gamemodes:leorics_shinbone",
              "quantity": 10
            }
          ],
          "raidCoins": {
            "type": "Fixed",
            "cost": 0
          }
        },
        "allowQuantityPurchase": false,
        "unlockRequirements": [],
        "purchaseRequirements": [],
        "defaultBuyLimit": 0,
        "buyLimitOverrides": [],
        "showBuyLimit": false,
        "customDescription": "Used to get somewhere that doesn't exist."
      }
    ],
    "monsters": [
      {
        "id": "treasured_golbin",
        "name": "Treasured Golbin",
        "media": "assets/monsters/Treasured_Golbin.svg",
        "levels": {
          "Hitpoints": 20,
          "Attack": 60,
          "Strength": 60,
          "Defence": 60,
          "Ranged": 60,
          "Magic": 60
        },
        "equipmentStats": [
          {
            "key": "attackSpeed",
            "value": 3600
          }
        ],
        "ignoreCompletion": true,
        "attackType": "magic",
        "specialAttacks": [],
        "passives": [],
        "lootChance": 100,
        "lootTable": [
          {
            "itemID": "melvorD:Mastery_Token_Farming",
            "minQuantity": 5,
            "maxQuantity": 10,
            "weight": 36
          },
          {
            "itemID": "melvorD:Mastery_Token_Firemaking",
            "minQuantity": 5,
            "maxQuantity": 10,
            "weight": 18
          },
          {
            "itemID": "melvorD:Mastery_Token_Woodcutting",
            "minQuantity": 5,
            "maxQuantity": 10,
            "weight": 18
          },
          {
            "itemID": "melvorD:Mastery_Token_Fishing",
            "minQuantity": 5,
            "maxQuantity": 10,
            "weight": 37
          },
          {
            "itemID": "melvorD:Mastery_Token_Mining",
            "minQuantity": 5,
            "maxQuantity": 10,
            "weight": 21
          }
        ],
        "gpDrops": {
          "min": 50,
          "max": 200
        },
        "canSlayer": false,
        "isBoss": false,
        "selectedSpell": "melvorD:FireBlast",
        "bones": {
          "itemID": "melvorD:Magic_Bones",
          "quantity": 1
        }
      },
      {
        "id": "repugnant_golbin",
        "name": "Repugnant Hoarder",
        "media": "assets/monsters/Repugnant_Golbin.svg",
        "levels": {
          "Hitpoints": 20,
          "Attack": 60,
          "Strength": 60,
          "Defence": 60,
          "Ranged": 60,
          "Magic": 60
        },
        "equipmentStats": [
          {
            "key": "attackSpeed",
            "value": 3600
          }
        ],
        "ignoreCompletion": true,
        "attackType": "magic",
        "specialAttacks": [],
        "passives": [],
        "lootChance": 100,
        "lootTable": [
          {
            "itemID": "melvorF:Stardust",
            "minQuantity": 5,
            "maxQuantity": 10,
            "weight": 60
          },
          {
            "itemID": "melvorF:Golden_Stardust",
            "minQuantity": 1,
            "maxQuantity": 2,
            "weight": 20
          },
          {
            "itemID": "melvorTotH:Corundumite_Ore",
            "minQuantity": 2,
            "maxQuantity": 4,
            "weight": 10
          },
          {
            "itemID": "melvorTotH:Augite_Ore",
            "minQuantity": 2,
            "maxQuantity": 4,
            "weight": 7
          },
          {
            "itemID": "melvorTotH:Divinite_Ore",
            "minQuantity": 1,
            "maxQuantity": 2,
            "weight": 3
          }
        ],
        "gpDrops": {
          "min": 50,
          "max": 200
        },
        "canSlayer": false,
        "isBoss": false,
        "selectedSpell": "melvorD:FireBlast",
        "bones": {
          "itemID": "melvorD:Magic_Bones",
          "quantity": 1
        }
      }
    ],
    "itemUpgrades": [
      {
        "upgradedItemID": "melvorTotH:Meteorite_Ore",
        "gpCost": 0,
        "scCost": 0,
        "itemCosts": [{ "id": "melvorF:Golden_Stardust", "quantity": 25 }],
        "rootItemIDs": ["melvorF:Golden_Stardust"],
        "isDowngrade": false
      },
      {
        "upgradedItemID": "melvorF:Golden_Stardust",
        "gpCost": 0,
        "scCost": 0,
        "itemCosts": [{ "id": "melvorF:Stardust", "quantity": 25 }],
        "rootItemIDs": ["melvorF:Stardust"],
        "isDowngrade": false
      }
    ],
    "slayerAreas": [
      {
        "id": "whimsyshire",
        "name": "Whimsyshire",
        "media": "assets/locations/Whimsyshire.png",
        "monsterIDs": [
          "conquest_gamemodes:treasured_golbin",
          "conquest_gamemodes:repugnant_golbin"
        ],
        "difficulty": [1],
        "entryRequirements": [
          {
            "type": "SkillLevel",
            "skillID": "melvorD:Slayer",
            "level": 100
          },
          {
            "type": "ShopPurchase",
            "purchaseID": "conquest_gamemodes:staff_of_herding",
            "count": 1
          }
        ],
        "areaEffectDescription": "-${effectValue}% Damage Reduction",
        "areaEffect": {
          "target": "Player",
          "modifier": "decreasedDamageReduction",
          "magnitude": 25
        }
      }
    ],
    "slayerAreaDisplayOrder": [
        {
          "insertAt": "After",
          "afterID": "melvorF:UnhallowedWasteland",
          "ids": [
            "conquest_gamemodes:whimsyshire"
          ]
        }
    ]
  }
}
