{
    "$schema": "https://test.melvoridle.com/dlcPrep/assets/schema/gameData.json",
    "namespace": "conquest",
    "data": {
        "monsters": [
            {
                "id": "treasured_golbin",
                "name": "Treasured Golbin",
                "media": "assets/monsters/Golden_Golbin_(pet).svg",
                "levels": {
                    "Hitpoints": 20,
                    "Attack": 60,
                    "Strength": 60,
                    "Defence": 60,
                    "Ranged": 60,
                    "Magic": 60
                },
                "equipmentStats": [
                    {
                        "key": "attackSpeed",
                        "value": 3600
                    }
                ],
                "ignoreCompletion": false,
                "attackType": "magic",
                "specialAttacks": [],
                "passives": [],
                "lootChance": 100,
                "lootTable": [
                    {
                        "itemID": "melvorD:Mastery_Token_Farming",
                        "minQuantity": 5,
                        "maxQuantity": 10,
                        "weight": 36
                    },
                    {
                        "itemID": "melvorD:Mastery_Token_Firemaking",
                        "minQuantity": 5,
                        "maxQuantity": 10,
                        "weight": 18
                    },
                    {
                        "itemID": "melvorD:Mastery_Token_Woodcutting",
                        "minQuantity": 5,
                        "maxQuantity": 10,
                        "weight": 18
                    },
                    {
                        "itemID": "melvorD:Mastery_Token_Fishing",
                        "minQuantity": 5,
                        "maxQuantity": 10,
                        "weight": 37
                    },
                    {
                        "itemID": "melvorD:Mastery_Token_Mining",
                        "minQuantity": 5,
                        "maxQuantity": 10,
                        "weight": 21
                    }
                ],
                "gpDrops": {
                    "min": 50,
                    "max": 200
                },
                "canSlayer": true,
                "isBoss": false,
                "selectedSpell": "melvorD:FireBlast",
                "bones": {
                    "itemID": "melvorD:Magic_Bones",
                    "quantity": 1
                }
            }
        ]
    }
}