{
  "$schema": "https://test.melvoridle.com/dlcPrep/assets/schema/gameData.json",
  "namespace": "conquest_gamemodes",
  "data": {
    "monsters": [
      {
        "id": "treasured_golbin",
        "name": "Treasured Golbin",
        "media": "assets/monsters/Treasured_Golbin.svg",
        "levels": {
          "Hitpoints": 200,
          "Attack": 69,
          "Strength": 69,
          "Defence": 69,
          "Ranged": 69,
          "Magic": 69
        },
        "equipmentStats": [
          {
            "key": "attackSpeed",
            "value": 3600
          }
        ],
        "ignoreCompletion": true,
        "attackType": "magic",
        "specialAttacks": [],
        "passives": [],
        "lootChance": 100,
        "lootTable": [
          {
            "itemID": "melvorD:Mastery_Token_Farming",
            "minQuantity": 5,
            "maxQuantity": 10,
            "weight": 36
          },
          {
            "itemID": "melvorD:Mastery_Token_Firemaking",
            "minQuantity": 5,
            "maxQuantity": 10,
            "weight": 18
          },
          {
            "itemID": "melvorD:Mastery_Token_Woodcutting",
            "minQuantity": 5,
            "maxQuantity": 10,
            "weight": 18
          },
          {
            "itemID": "melvorD:Mastery_Token_Fishing",
            "minQuantity": 5,
            "maxQuantity": 10,
            "weight": 37
          },
          {
            "itemID": "melvorD:Mastery_Token_Mining",
            "minQuantity": 5,
            "maxQuantity": 10,
            "weight": 21
          }
        ],
        "gpDrops": {
          "min": 50,
          "max": 200
        },
        "canSlayer": true,
        "isBoss": false,
        "selectedSpell": "melvorD:FireBlast",
        "bones": {
          "itemID": "melvorD:Magic_Bones",
          "quantity": 1
        }
      },
      {
        "id": "hemogolbin",
        "name": "Hemogolbin",
        "media": "assets/monsters/Hemogolbin.svg",
        "levels": {
          "Hitpoints": 200,
          "Attack": 69,
          "Strength": 69,
          "Defence": 69,
          "Ranged": 69,
          "Magic": 69
        },
        "equipmentStats": [
          {
            "key": "attackSpeed",
            "value": 3600
          }
        ],
        "ignoreCompletion": true,
        "attackType": "magic",
        "specialAttacks": [],
        "passives": [],
        "lootChance": 100,
        "lootTable": [
          {
            "itemID": "conquest_gamemodes:bloody_shard",
            "minQuantity": 10,
            "maxQuantity": 25,
            "weight": 50
          }
        ],
        "gpDrops": {
          "min": 50,
          "max": 200
        },
        "canSlayer": false,
        "isBoss": false,
        "selectedSpell": "melvorD:FireBlast",
        "bones": {
          "itemID": "melvorD:Magic_Bones",
          "quantity": 1
        }
      },
      {
        "id": "repugnant_golbin",
        "name": "Repugnant Hoarder",
        "media": "assets/monsters/Repugnant_Golbin.svg",
        "levels": {
          "Hitpoints": 200,
          "Attack": 69,
          "Strength": 69,
          "Defence": 69,
          "Ranged": 69,
          "Magic": 69
        },
        "equipmentStats": [
          {
            "key": "attackSpeed",
            "value": 3600
          }
        ],
        "ignoreCompletion": true,
        "attackType": "magic",
        "specialAttacks": [],
        "passives": [],
        "lootChance": 100,
        "lootTable": [
          {
            "itemID": "melvorF:Stardust",
            "minQuantity": 5,
            "maxQuantity": 10,
            "weight": 60
          },
          {
            "itemID": "melvorF:Golden_Stardust",
            "minQuantity": 1,
            "maxQuantity": 2,
            "weight": 20
          },
          {
            "itemID": "melvorTotH:Corundumite_Ore",
            "minQuantity": 2,
            "maxQuantity": 4,
            "weight": 10
          },
          {
            "itemID": "melvorTotH:Augite_Ore",
            "minQuantity": 2,
            "maxQuantity": 4,
            "weight": 7
          },
          {
            "itemID": "melvorTotH:Divinite_Ore",
            "minQuantity": 1,
            "maxQuantity": 2,
            "weight": 3
          }
        ],
        "gpDrops": {
          "min": 50,
          "max": 200
        },
        "canSlayer": false,
        "isBoss": false,
        "selectedSpell": "melvorD:FireBlast",
        "bones": {
          "itemID": "melvorD:Magic_Bones",
          "quantity": 1
        }
      },
      {
        "id": "mucilaginous_lord",
        "name": "Mucilaginous Lord",
        "media": "assets/monsters/Mucilaginous_Lord.svg",
        "levels": {
          "Hitpoints": 200,
          "Attack": 69,
          "Strength": 69,
          "Defence": 69,
          "Ranged": 69,
          "Magic": 69
        },
        "equipmentStats": [
          {
            "key": "attackSpeed",
            "value": 3600
          }
        ],
        "ignoreCompletion": true,
        "attackType": "magic",
        "specialAttacks": [],
        "passives": [],
        "lootChance": 100,
        "lootTable": [
          { "itemID": "melvorD:Raw_Poison_Fish", "minQuantity": 5, "maxQuantity": 10, "weight": 256 },
          { "itemID": "melvorD:Leaping_Trout", "minQuantity": 5, "maxQuantity": 10, "weight": 128 },
          { "itemID": "melvorD:Leaping_Salmon", "minQuantity": 5, "maxQuantity": 10, "weight": 128 },
          { "itemID": "melvorD:Leaping_Broad_Fish", "minQuantity": 5, "maxQuantity": 10, "weight": 128 },
          { "itemID": "melvorD:Raw_Seahorse", "minQuantity": 5, "maxQuantity": 10, "weight": 64 },
          { "itemID": "melvorTotH:Raw_Lava_Fish", "minQuantity": 5, "maxQuantity": 10, "weight": 32 },
          { "itemID": "melvorTotH:Raw_Spike_Fish", "minQuantity": 5, "maxQuantity": 10, "weight": 32 },
          { "itemID": "melvorTotH:Raw_Rockfish", "minQuantity": 5, "maxQuantity": 10, "weight": 16 },
          { "itemID": "melvorTotH:Raw_Magma_Fish", "minQuantity": 5, "maxQuantity": 10, "weight": 16 },
          { "itemID": "melvorTotH:Raw_Large_Blowfish", "minQuantity": 5, "maxQuantity": 10, "weight": 8 },
          { "itemID": "melvorTotH:Raw_Static_Jellyfish", "minQuantity": 5, "maxQuantity": 10, "weight": 4 },
          { "itemID": "melvorTotH:Raw_Frozen_Manta_Ray", "minQuantity": 5, "maxQuantity": 10, "weight": 4 },
          { "itemID": "melvorTotH:Raw_Ghost_Fish", "minQuantity": 5, "maxQuantity": 10, "weight": 2 },
          { "itemID": "melvorTotH:Raw_Mystic_Seahorse", "minQuantity": 5, "maxQuantity": 10, "weight": 2 },
          { "itemID": "melvorTotH:Raw_Terrorfish", "minQuantity": 5, "maxQuantity": 10, "weight": 1 },
          { "itemID": "melvorTotH:Raw_Mystic_Shark", "minQuantity": 5, "maxQuantity": 10, "weight": 1 }
        ],
        "gpDrops": {
          "min": 50,
          "max": 200
        },
        "canSlayer": false,
        "isBoss": false,
        "selectedSpell": "melvorD:FireBlast",
        "bones": {
          "itemID": "melvorD:Magic_Bones",
          "quantity": 1
        }
      },
      {
        "id": "crystal_golbin",
        "name": "Crystal Golbin",
        "media": "assets/monsters/Crystal_Golbin.svg",
        "levels": {
          "Hitpoints": 200,
          "Attack": 69,
          "Strength": 69,
          "Defence": 69,
          "Ranged": 69,
          "Magic": 69
        },
        "equipmentStats": [
          {
            "key": "attackSpeed",
            "value": 3600
          }
        ],
        "ignoreCompletion": true,
        "attackType": "magic",
        "specialAttacks": [],
        "passives": [],
        "lootChance": 100,
        "lootTable": [
          { "itemID": "melvorD:Topaz", "minQuantity": 5, "maxQuantity": 10, "weight": 500 },
          { "itemID": "melvorD:Sapphire", "minQuantity": 5, "maxQuantity": 10, "weight": 175 },
          { "itemID": "melvorD:Ruby", "minQuantity": 5, "maxQuantity": 10, "weight": 175 },
          { "itemID": "melvorD:Emerald", "minQuantity": 5, "maxQuantity": 10, "weight": 100 },
          { "itemID": "melvorD:Diamond", "minQuantity": 5, "maxQuantity": 10, "weight": 50 },
          { "itemID": "melvorF:Jadestone", "minQuantity": 5, "maxQuantity": 10, "weight": 1 }
        ],
        "gpDrops": {
          "min": 50,
          "max": 200
        },
        "canSlayer": false,
        "isBoss": false,
        "selectedSpell": "melvorD:FireBlast",
        "bones": {
          "itemID": "melvorD:Magic_Bones",
          "quantity": 1
        }
      },
      {
        "id": "greedy_golbin",
        "name": "Greedy Golbin",
        "media": "assets/monsters/Greedy_Golbin.svg",
        "levels": {
          "Hitpoints": 200,
          "Attack": 69,
          "Strength": 69,
          "Defence": 69,
          "Ranged": 69,
          "Magic": 69
        },
        "equipmentStats": [
          {
            "key": "attackSpeed",
            "value": 3600
          }
        ],
        "ignoreCompletion": true,
        "attackType": "magic",
        "specialAttacks": [],
        "passives": [],
        "lootChance": 0,
        "lootTable": [],
        "gpDrops": {
          "min": 500,
          "max": 2000
        },
        "canSlayer": false,
        "isBoss": false,
        "selectedSpell": "melvorD:FireBlast",
        "bones": {
          "itemID": "melvorD:Magic_Bones",
          "quantity": 1
        }
      }
    ],
    "combatAreas": [
      {
        "id": "whimsyshire",
        "name": "Whimsyshire",
        "media": "assets/locations/Whimsyshire.png",
        "monsterIDs": [
          "conquest_gamemodes:treasured_golbin",
          "conquest_gamemodes:hemogolbin",
          "conquest_gamemodes:repugnant_golbin",
          "conquest_gamemodes:mucilaginous_lord",
          "conquest_gamemodes:crystal_golbin",
          "conquest_gamemodes:greedy_golbin"
        ],
        "difficulty": [3],
        "entryRequirements": [
          {
            "type": "ItemFound",
            "itemID": "conquest_gamemodes:staff_of_herding"
          }
        ],
        "areaEffectDescription": "-${effectValue}% Damage Reduction",
        "areaEffect": {
          "target": "Player",
          "modifier": "decreasedDamageReduction",
          "magnitude": 25
        }
      }
    ],
    "combatAreaDisplayOrder": [
      {
        "insertAt": "After",
        "afterID": "melvorD:ElerineBattlegrounds",
        "ids": ["conquest_gamemodes:whimsyshire"]
      }
    ]
  }
}
